{
  "$schema": "../../node_modules/ng-packagr/ng-package.schema.json",
  "allowedNonPeerDependencies": [
    "@angular/animations",
    "@angular/cdk",
    "@angular/common",
    "@angular/compiler",
    "@angular/core",
    "@angular/forms",
    "@angular/material",
    "@angular/material-moment-adapter",
    "@angular/platform-browser",
    "@angular/platform-browser-dynamic",
    "@angular/router",
    "@elemental-ui/cadence-icon",
    "@elemental-ui/core",
    "@ngx-translate/core",
    "@ngx-translate/http-loader",
    "applicationinsights-js",
    "billboard.js",
    "chap-timeline"
  ],
  "dest": "../../html/sample-plugin-demo",
  "lib": {
    "entryFile": "src/public_api.ts",
    "styleIncludePaths": ["../../shared/assets"]
  }
}
